job_title,description
Desarrollador de Software,"Profesional técnico que diseña, codifica, prueba y optimiza aplicaciones y sistemas informáticos. Traduce requisitos de usuario en soluciones funcionales, asegurando la legibilidad, mantenimiento y rendimiento del código. Colabora en todas las fases del ciclo de desarrollo de software."
Científico de Datos,"Especialista en trabajar con grandes volúmenes de datos (Big Data) para interpretarlos, extraer significado y desarrollar modelos predictivos. Utiliza algoritmos y programación (Python, SQL) para resolver problemas empresariales, optimizar procesos y apoyar la toma de decisiones estratégicas."
Especialista en Marketing Digital,"Profesional que diseña, implementa y optimiza estrategias de marketing online para aumentar la visibilidad de marca y atraer clientes. Gestiona SEO, SEM, redes sociales, contenido digital y campañas de inbound/outbound, analizando resultados para alcanzar objetivos KPI."
Analista de Ciberseguridad,"Profesional dedicado a proteger sistemas informáticos, redes y datos de ciberamenazas. Identifica vulnerabilidades, implementa medidas de seguridad (firewalls, encriptación), monitorea actividades sospechosas, gestiona incidentes y desarrolla políticas de seguridad para garantizar la integridad y confidencialidad de la información."
Ingeniero de Machine Learning,"Profesional que desarrolla y aplica técnicas de aprendizaje automático para crear sistemas y algoritmos predictivos. Identifica problemas, selecciona y preprocesa datos, entrena y evalúa modelos, y desarrolla la infraestructura para implementar y mantener soluciones de IA en producción, colaborando con científicos de datos."
Médico General,"Profesional de la salud responsable de brindar atención primaria integral a pacientes. Diagnostica y trata enfermedades, lesiones y condiciones de salud, toma historias clínicas, realiza exámenes físicos, ordena pruebas y educa sobre prevención de enfermedades y estilos de vida saludables."
Enfermero/a Profesional,"Profesional de la salud autorizado para ofrecer una amplia gama de servicios de atención al paciente. Evalúa necesidades de salud, desarrolla e implementa planes de cuidado, administra tratamientos, mantiene registros médicos y educa a pacientes sobre el manejo de su salud y prevención de enfermedades."
Administrador de Empresas,"Profesional responsable de la gestión integral de una organización. Define objetivos, organiza recursos, coordina procesos, administra personal y finanzas, y desarrolla planes estratégicos para optimizar la productividad y asegurar el cumplimiento legal. Requiere liderazgo, visión estratégica y habilidades de comunicación."
Contador Público,"Especialista en la gestión y análisis de datos financieros de una empresa. Registra transacciones, asegura el cumplimiento de obligaciones fiscales y tributarias, prepara estados financieros, propone acciones para el crecimiento económico y gestiona riesgos financieros. Requiere atención al detalle, ética y capacidad analítica."
Ingeniero de Sistemas,"Profesional especializado en diseñar, integrar y gestionar sistemas complejos que combinan hardware, software, redes, datos y procesos. Analiza necesidades tecnológicas, supervisa la integración de componentes, asegura calidad y eficiencia, y optimiza procesos mediante automatización y transformación digital."
Ingeniero Civil,"Profesional responsable de planificar, diseñar y supervisar proyectos de infraestructura. Colabora con arquitectos y geólogos para desarrollar obras de gran escala como edificios, carreteras, puentes y sistemas de agua, asegurando la seguridad, funcionalidad y sostenibilidad de las construcciones."
Psicólogo,"Profesional de la salud mental que diagnostica desórdenes psicológicos y utiliza diversas técnicas terapéuticas para mejorar la adaptación y el bienestar del individuo. Observa al paciente, interpreta pruebas psicológicas y brinda apoyo para la prevención y manejo de problemas de salud mental."
Ingeniero Industrial,"Profesional multidisciplinario que optimiza procesos empresariales combinando recursos humanos, materiales, financieros y sistemas de administración. Busca mejorar métodos de trabajo, evalúa proyectos, controla recursos, elabora programas de seguridad y gestiona inventarios para aumentar la productividad y eficiencia organizacional."
Director Financiero (CFO),"Ejecutivo encargado de la gestión financiera estratégica de una empresa. Supervisa operaciones contables, gestiona tesorería, controla cobros y créditos, optimiza la política fiscal, y lidera la planificación económica y financiera para asegurar la estabilidad y el crecimiento del capital."
Director de Marketing,"Líder estratégico responsable de definir, diseñar e implementar el plan de marketing de una empresa. Determina estrategias para impulsar productos/servicios, gestiona presupuestos, analiza datos de campañas, coordina equipos multidisciplinares y supervisa la comunicación interna y externa para alcanzar objetivos de negocio."
Gerente de Sostenibilidad,"Profesional estratégico que desarrolla e implementa iniciativas para reducir el impacto ambiental de una organización y promover prácticas empresariales sostenibles. Identifica oportunidades y gestiona riesgos económicos, medioambientales y sociales, asegurando el cumplimiento normativo y la integración de la sostenibilidad en el negocio."
Especialista en Logística,"Profesional vital en la gestión de recursos, optimización de procesos y garantía de entregas puntuales. Organiza y coordina el transporte de mercancías, elabora rutas, gestiona inventarios y pedidos, asegura el cumplimiento de regulaciones aduaneras y resuelve problemas para minimizar costos y maximizar la satisfacción del cliente."
Ingeniero Electrónico,"Profesional multidisciplinar que diseña, desarrolla, prueba y supervisa la fabricación de equipos eléctricos y sistemas electrónicos. Involucrado en la generación, distribución y utilización de electricidad, así como en sistemas de comunicación, control y automatización, requiriendo conocimientos en programación y capacidad analítica."
Especialista en Energías Renovables,"Profesional que evalúa, diseña, desarrolla y coordina proyectos de implementación de fuentes de energía renovable (solar, eólica). Supervisa la instalación y operación de sistemas, realiza estudios de viabilidad e impacto ambiental, y se mantiene actualizado en tecnologías para promover la sostenibilidad energética."
Gerente de Proyectos,"Profesional responsable de la dirección, planificación, ejecución, control y cierre de proyectos, alineándolos con los objetivos organizacionales. Define el alcance, gestiona recursos (equipo, presupuesto), establece cronogramas, evalúa riesgos, soluciona problemas y comunica el progreso a las partes interesadas."
